<?xml version="1.0" encoding="UTF-8"?>
<feature
      id="jp.azzurri.clay"
      label="%featureName"
      version="2.0.1"
      provider-name="Azzurri Inc."
      plugin="jp.azzurri.clay"
      image="azzurri_logo.gif">

   <description>
      %featureDesc
   </description>

   <copyright>
      %featureCopyright
   </copyright>

   <license url="license.html">
      %featureLicense
   </license>

   <url>
      <update label="Azzurri Plugin Update Site" url="http://www.azzurri.co.jp/eclipse/plugins"/>
      <discovery label="Azzurri Plugins Discovery Site" url="http://www.azzurri.co.jp/eclipse/plugins"/>
   </url>

   <requires>
      <import plugin="org.eclipse.ui.ide"/>
      <import plugin="org.eclipse.ui.views"/>
      <import plugin="org.eclipse.ui"/>
      <import plugin="org.eclipse.gef"/>
      <import plugin="org.eclipse.core.resources"/>
      <import plugin="org.eclipse.draw2d"/>
      <import plugin="org.eclipse.core.runtime"/>
      <import plugin="jp.azzurri.clay"/>
   </requires>

   <plugin
         id="jp.azzurri.clay"
         download-size="0"
         install-size="0"
         version="2.0.1"/>

   <plugin
         id="jp.azzurri.clay.ui"
         download-size="0"
         install-size="0"
         version="2.0.1"
         unpack="false"/>

</feature>
